epoch,time,train/box_loss,train/cls_loss,train/dfl_loss,metrics/precision(B),metrics/recall(B),metrics/mAP50(B),metrics/mAP50-95(B),val/box_loss,val/cls_loss,val/dfl_loss,lr/pg0,lr/pg1,lr/pg2
1,57.6554,0.90944,5.29857,0.01555,0.00353,1,0.21613,0.14983,0.55694,10.9028,0.01295,8e-05,8e-05,8e-05
2,109.948,0.68636,5.21755,0.01232,0.00333,0.94444,0.28923,0.19649,0.48833,10.7451,0.01096,0.00017406,0.00017406,0.00017406
3,160.87,0.65389,4.6255,0.01041,0.00333,0.94444,0.23078,0.19704,0.48369,10.6252,0.01147,0.00026152,0.00026152,0.00026152
